symbol,type,comment,profit,fee,0
NZDJPY,1,Renf,0.0,0.0,211
USDCAD,0,Renf,0.0,0.0,120
XAUUSD,1,Python AADI M3,0.0,0.0,83
CADJPY,1,Python AADI M3,0.0,0.0,80
NZDJPY,1,Python AADI M3,0.0,0.0,76
NZDCAD,1,Python AADI M3,0.0,0.0,66
UKOIL.cash,1,Scalp CFD,0.0,0.0,45
AUDJPY,1,Python AADI M3,0.0,0.0,40
USDCHF,0,Python AADI M3,0.0,0.0,39
CADJPY,1,Renf,0.0,0.0,39
AUDNZD,0,Python AADI M3,0.0,0.0,37
USDJPY,0,Python AADI M3,0.0,0.0,34
NZDUSD,1,Python AADI M3,0.0,0.0,33
AUDUSD,0,Python AADI M3,0.0,0.0,32
NZDCAD,1,Renf,0.0,0.0,28
USDCHF,0,Python AADI M15,0.0,0.0,22
AUDCAD,0,Python AADI M3,0.0,0.0,21
NZDJPY,0,python Split,0.12,0.0,21
NZDJPY,1,Python AADI M15,0.0,0.0,18
US500.cash,0,Scalp CFD,0.0,0.0,18
USDCAD,0,Python AADI M3,0.0,0.0,17
USDCHF,1,python Split,2.59,0.0,17
AUDUSD,0,Python AADI M15,0.0,0.0,17
NZDJPY,0,python Split,0.13,0.0,15
CADJPY,1,Python AADI M15,0.0,0.0,15
USDCAD,0,Python AADI M15,0.0,0.0,15
AUDNZD,0,Renf Split,0.0,0.0,14
XAUUSD,1,Python AADI M15,0.0,0.0,14
NZDJPY,0,python Split,0.6,0.0,12
NZDJPY,0,python Split,0.62,0.0,12
US30.cash,0,Scalp CFD,0.0,0.0,12
NZDJPY,0,python Split,0.59,0.0,11
UKOIL.cash,0,Scalp CFD,0.0,0.0,11
NZDUSD,0,Python AADI M3,0.0,0.0,10
NZDJPY,0,python Split,0.15,0.0,10
USDCHF,0,Renf Split,0.0,0.0,10
XAUUSD,0,Renf,0.0,0.0,10
UKOIL.cash,1,Python AADI M15,0.0,0.0,10
CADJPY,0,python Split,0.69,0.0,9
NZDJPY,0,python Split,0.14,0.0,9
NZDCAD,1,Python AADI M15,0.0,0.0,8
NZDCAD,0,python Split,0.31,0.0,8
AUDNZD,1,python Split,0.99,0.0,8
AUDCAD,0,Python AADI M15,0.0,0.0,8
UKOIL.cash,0,HOLD,0.15,0.0,8
NZDJPY,0,python Split,0.65,0.0,8
NZDJPY,0,python script cl,-4.84,0.0,8
USDJPY,0,Python AADI M15,0.0,0.0,8
UKOIL.cash,1,python Split,0.13,0.0,8
UKOIL.cash,0,python script cl,-1.09,0.0,8
UKOIL.cash,0,python Split,0.27,0.0,8
USDCAD,1,python script cl,-3.44,0.0,7
USDCAD,1,python Split,0.18,0.0,7
UKOIL.cash,0,python Split,0.28,0.0,7
UKOIL.cash,0,python Split,0.26,0.0,7
AUDJPY,0,Python AADI M3,0.0,0.0,7
NZDJPY,0,python Split,0.57,0.0,7
NZDJPY,0,[sl 77.220],0.08,0.0,7
AUDNZD,0,Python AADI M15,0.0,0.0,7
NZDCAD,0,python Split,1.8,0.0,6
UKOIL.cash,0,HOLD,0.14,0.0,6
NZDUSD,1,Python AADI M15,0.0,0.0,6
NZDUSD,0,Python AADI M15,0.0,0.0,6
CADJPY,0,python Split,2.07,0.0,6
NZDJPY,0,Renf,0.0,0.0,6
NZDJPY,0,[sl 77.228],0.08,0.0,6
USDCAD,1,python script cl,-3.52,0.0,6
NZDJPY,0,python Split,0.1,0.0,6
NZDJPY,0,python script cl,-2.5,0.0,6
XAUUSD,1,Renf Split,0.0,0.0,6
CADJPY,0,python Split,1.1,0.0,5
NZDUSD,1,python Split,0.99,0.0,5
NZDCAD,0,python Split,1.81,0.0,5
NZDJPY,0,[sl 77.172],0.37,0.0,5
NZDJPY,0,[sl 77.181],0.39,0.0,5
NZDJPY,0,python Split,0.54,0.0,5
NZDUSD,0,python Split,0.95,0.0,5
USDJPY,0,Renf Split,0.0,0.0,5
AUDUSD,1,python Split,1.91,0.0,5
USDCAD,1,python script cl,-3.55,0.0,5
USDCAD,1,python script cl,-3.57,0.0,5
CADJPY,0,python Split,2.04,0.0,5
NZDJPY,0,[sl 77.232],0.08,0.0,5
USDCAD,1,python script cl,-3.49,0.0,5
USDCHF,1,python script cl,-6.87,0.0,4
CADJPY,0,python Split,0.15,0.0,4
NZDJPY,0,HOLD,2.7,0.0,4
NZDJPY,0,python script cl,-2.44,0.0,4
USDCHF,1,python script cl,-7.13,0.0,4
US500.cash,1,python Split,0.73,0.0,4
NZDJPY,0,python Split,0.63,0.0,4
NZDCAD,0,python Split,1.0,0.0,4
NZDJPY,0,python script cl,-2.59,0.0,4
NZDJPY,0,python script cl,-2.13,0.0,4
NZDCAD,0,python Split,0.96,0.0,4
XAUUSD,0,python Split,1.52,0.0,4
NZDJPY,0,[sl 77.165],0.29,0.0,4
UKOIL.cash,0,python Split,0.29,0.0,4
CADJPY,0,python Split,2.02,0.0,4
NZDJPY,0,[sl 77.163],0.39,0.0,4
XAUUSD,0,python Split,2.4,0.0,4
NZDCAD,0,python Split,0.33,0.0,4
NZDJPY,0,python script cl,-2.56,0.0,4
UKOIL.cash,0,python script cl,-1.1,0.0,4
AUDJPY,0,python script cl,-5.0,0.0,4
NZDCAD,0,python Split,1.82,0.0,4
USDCAD,1,python Split,0.94,0.0,4
USDCAD,0,MA_Strat,0.0,0.0,4
NZDUSD,1,Renf Split,0.0,0.0,4
NZDJPY,0,[sl 77.187],0.08,0.0,4
USDCAD,1,python script cl,-3.47,0.0,4
CADJPY,0,python Split,0.68,0.0,4
NZDJPY,0,[sl 77.183],0.39,0.0,4
UKOIL.cash,1,python Split,0.14,0.0,4
NZDJPY,0,python script cl,-4.95,0.0,4
USDCAD,0,Renf Split,0.0,0.0,4
NZDJPY,0,[sl 77.243],0.09,0.0,4
CADJPY,0,python Split,0.2,0.0,4
AUDJPY,0,python script cl,-5.03,0.0,4
USDCHF,1,python Split,6.87,0.0,4
CADJPY,0,HOLD,0.35,0.0,4
NZDJPY,0,[sl 77.232],0.06,0.0,4
AUDNZD,1,python Split,1.84,0.0,4
NZDJPY,0,python script cl,-4.9,0.0,4
NZDJPY,0,[sl 77.231],0.06,0.0,4
USDJPY,1,python Split,2.6,0.0,3
AUDNZD,1,python script cl,-5.04,0.0,3
FRA40.cash,1,Scalp CFD,0.0,0.0,3
XAUUSD,0,python Split,4.61,0.0,3
NZDCAD,0,python Split,1.79,0.0,3
USDJPY,1,python Split,1.37,0.0,3
NZDCAD,0,python Split,1.01,0.0,3
NZDCAD,0,python Split,0.97,0.0,3
XAUUSD,0,python Split,2.55,0.0,3
NZDCAD,0,python Split,1.84,0.0,3
US500.cash,1,python Split,0.82,0.0,3
NZDCAD,0,HOLD,0.91,0.0,3
NZDJPY,0,python script cl,-1.91,0.0,3
CADJPY,0,HOLD,4.22,0.0,3
NZDJPY,0,python Split,7.2,0.0,3
US500.cash,0,Python AADI M15,0.0,0.0,3
CADJPY,0,HOLD,1.05,0.0,3
CADJPY,0,HOLD,1.03,0.0,3
CADJPY,0,HOLD,1.02,0.0,3
NZDJPY,0,python script cl,-4.93,0.0,3
NZDJPY,0,python script cl,-4.87,0.0,3
NZDJPY,0,python Split,1.01,0.0,3
USDCAD,1,[sl 1.26605],-0.04,0.0,3
NZDCAD,0,[sl 0.89858],0.0,0.0,3
NZDCAD,0,HOLD,2.49,0.0,3
AUDUSD,1,python Split,4.98,0.0,3
NZDJPY,0,python script cl,-2.53,0.0,3
AUDUSD,1,python Split,1.95,0.0,3
USDCAD,1,python script cl,-3.6,0.0,3
XAUUSD,0,HOLD,0.84,0.0,3
NZDJPY,0,python script cl,-2.41,0.0,3
NZDUSD,0,HOLD,2.7,0.0,3
AUDUSD,1,python Split,1.06,0.0,3
NZDJPY,0,python Split,0.51,0.0,3
USDJPY,1,python script cl,-7.2,0.0,3
NZDJPY,0,python Split,0.48,0.0,3
NZDJPY,0,python Split,0.45,0.0,3
NZDJPY,0,python Split,0.43,0.0,3
AUDNZD,1,python script cl,-5.08,0.0,3
CADJPY,0,HOLD,2.76,0.0,3
AUDCAD,1,python Split,0.23,0.0,3
NZDCAD,0,python script cl,1.89,0.0,3
NZDUSD,0,python Split,0.93,0.0,3
USDCAD,1,python Split,0.35,0.0,3
CADJPY,0,python script cl,-5.45,0.0,3
CADJPY,0,python script cl,-5.46,0.0,3
AUDJPY,0,python Split,1.06,0.0,3
NZDJPY,0,[sl 77.173],0.42,0.0,3
CADJPY,0,python Split,2.0,0.0,3
USDCHF,1,python script cl,3.95,0.0,3
NZDCAD,0,python script cl,-3.08,0.0,3
USDCAD,1,HOLD,3.44,0.0,3
UKOIL.cash,0,HOLD,0.13,0.0,3
USDCHF,1,python script cl,-7.17,0.0,3
NZDJPY,0,[sl 77.224],0.09,0.0,3
CADJPY,0,python script cl,-5.51,0.0,3
CADJPY,0,python Split,2.11,0.0,3
CADJPY,0,python script cl,-5.52,0.0,3
USDCAD,1,python Split,0.86,0.0,3
AUDJPY,0,python Split,0.95,0.0,3
NZDJPY,0,[sl 77.220],0.09,0.0,3
XAUUSD,0,python script cl,7.79,0.0,3
AUDNZD,1,python Split,1.88,0.0,3
NZDJPY,0,[sl 77.179],0.39,0.0,3
NZDJPY,0,[sl 77.183],0.42,0.0,3
NZDJPY,0,[sl 77.236],0.08,0.0,3
NZDJPY,0,[sl 77.168],0.36,0.0,3
NZDCAD,0,python script cl,-1.2,0.0,3
NZDJPY,0,[sl 77.168],0.37,0.0,3
USDCAD,1,[sl 1.27344],-0.01,0.0,3
USDCHF,1,python Split,1.43,0.0,3
CADJPY,0,python script cl,-3.03,0.0,3
NZDJPY,0,[sl 77.181],0.4,0.0,3
CADJPY,0,python Split,1.12,0.0,3
CADJPY,0,python Split,1.14,0.0,3
XAUUSD,0,python script cl,-12.13,0.0,3
NZDJPY,0,python Split,0.68,0.0,2
USDCAD,1,Renf,0.0,0.0,2
USDCHF,1,python script cl,-7.02,0.0,2
NZDJPY,0,python Split,0.66,0.0,2
XAUUSD,0,HOLD,0.79,0.0,2
NZDJPY,0,python Split,0.71,0.0,2
USDCHF,1,python script cl,-7.21,0.0,2
CADJPY,0,python script cl,2.42,0.0,2
XAUUSD,0,HOLD,0.93,0.0,2
NZDJPY,0,python Split,0.74,0.0,2
USDCHF,1,python script cl,-6.93,0.0,2
NZDJPY,0,[sl 77.076],0.4,0.0,2
USDCHF,1,python Split,2.61,0.0,2
NZDJPY,0,[sl 77.227],0.07,0.0,2
NZDCAD,0,[sl 0.87532],-0.01,0.0,2
NZDJPY,0,python Split,7.81,0.0,2
US30.cash,1,python Split,5.96,0.0,2
USDCHF,1,python Split,3.15,0.0,2
US30.cash,1,python Split,6.49,0.0,2
NZDCAD,0,[sl 0.87505],-0.27,0.0,2
NZDCAD,0,[sl 0.87491],0.0,0.0,2
NZDJPY,0,[sl 77.187],0.09,0.0,2
XAUUSD,0,HOLD,6.11,0.0,2
XAUUSD,0,HOLD,6.08,0.0,2
USDCHF,1,python Split,2.63,0.0,2
NZDJPY,0,[sl 77.223],0.08,0.0,2
US500.cash,1,HOLD,1.5,0.0,2
CADJPY,0,python script cl,-5.49,0.0,2
AUDCAD,1,python script cl,0.36,0.0,2
USDCAD,1,[sl 1.26612],-0.01,0.0,2
NZDJPY,0,python Split,1.79,0.0,2
NZDCAD,0,HOLD,2.51,0.0,2
NZDJPY,0,python Split,0.98,0.0,2
USDCHF,1,python script cl,3.18,0.0,2
USDCHF,1,python script cl,3.69,0.0,2
USDCHF,1,python script cl,3.24,0.0,2
NZDJPY,0,[sl 77.250],0.07,0.0,2
NZDJPY,0,[sl 77.177],0.36,0.0,2
USDJPY,1,python Split,1.5699999999999998,0.0,2
NZDJPY,0,python Split,0.11,0.0,2
AUDJPY,0,Renf Split,0.0,0.0,2
NZDCAD,0,HOLD,0.45,0.0,2
AUDCAD,1,HOLD,3.28,0.0,2
US500.cash,1,python script cl,-2.97,0.0,2
NZDJPY,0,[sl 77.168],0.34,0.0,2
CADJPY,0,python Split,0.12,0.0,2
CADJPY,0,python Split,0.13,0.0,2
CADJPY,0,python Split,1.19,0.0,2
CADJPY,0,python Split,1.17,0.0,2
USDJPY,1,[sl 111.110],1.15,0.0,2
CADJPY,0,HOLD,2.75,0.0,2
NZDJPY,0,[sl 77.278],0.39,0.0,2
USDJPY,1,[sl 111.066],1.21,0.0,2
CADJPY,0,python Split,0.71,0.0,2
USDJPY,1,[sl 111.061],1.15,0.0,2
USDJPY,1,[sl 111.052],1.19,0.0,2
USDJPY,1,[sl 111.043],1.18,0.0,2
USDCHF,1,[sl 0.92351],-0.15,0.0,2
NZDJPY,0,[sl 77.426],4.89,0.0,2
FRA40.cash,1,Python AADI M15,0.0,0.0,2
USDJPY,1,python Split,2.57,0.0,2
NZDJPY,0,[sl 77.250],0.06,0.0,2
US500.cash,1,python Split,0.75,0.0,2
USDJPY,1,python Split,2.62,0.0,2
NZDJPY,0,[sl 77.240],0.07,0.0,2
USDJPY,1,python script cl,-6.85,0.0,2
NZDCAD,0,HOLD,2.43,0.0,2
NZDJPY,0,python Split,0.56,0.0,2
USDCHF,1,python script cl,3.78,0.0,2
CADJPY,0,[sl 87.928],0.09,0.0,2
NZDJPY,0,python Split,0.53,0.0,2
USDCHF,1,python script cl,3.89,0.0,2
NZDJPY,0,[sl 77.241],0.11,0.0,2
CADJPY,0,python Split,2.17,0.0,2
USDCAD,1,python script cl,1.39,0.0,2
NZDJPY,0,[sl 77.146],0.3,0.0,2
NZDJPY,0,python Split,0.39,0.0,2
USDCAD,1,python script cl,2.59,0.0,2
CADJPY,0,python Split,2.15,0.0,2
NZDJPY,0,python Split,0.24,0.0,2
NZDJPY,0,python Split,0.17,0.0,2
NZDJPY,0,python Split,0.16,0.0,2
CADJPY,0,python script cl,2.61,0.0,2
AUDCAD,1,python script cl,0.62,0.0,2
USDJPY,1,python Split,2.71,0.0,2
USDJPY,1,python Split,2.63,0.0,2
CADJPY,0,python Split,2.08,0.0,2
USDJPY,1,[sl 111.097],1.16,0.0,2
NZDCAD,0,[sl 0.89838],0.0,0.0,2
USDCAD,1,[sl 1.26833],0.0,0.0,2
NZDCAD,0,python Split,9.7,0.0,2
USDCAD,1,python Split,0.2,0.0,2
UKOIL.cash,0,[sl 78.136],0.02,0.0,2
AUDNZD,1,python Split,0.98,0.0,2
NZDUSD,0,[sl 0.69130],0.0,0.0,2
AUDNZD,1,python Split,0.23,0.0,2
USDCAD,1,python Split,0.42,0.0,2
USDCAD,1,python Split,0.43,0.0,2
UKOIL.cash,0,[sl 78.069],0.02,0.0,2
USDCAD,1,python Split,0.44,0.0,2
NZDUSD,0,[sl 0.69522],-0.02,0.0,2
NZDUSD,0,[sl 0.69525],0.0,0.0,2
NZDUSD,0,[sl 0.69542],-0.03,0.0,2
AUDNZD,1,[sl 1.03030],0.0,0.0,2
NZDUSD,0,[sl 0.69728],-2.05,0.0,2
NZDUSD,0,python Split,0.14,0.0,2
AUDNZD,1,python Split,1.83,0.0,2
AUDNZD,1,python Split,1.9,0.0,2
AUDNZD,1,[sl 1.03022],0.0,0.0,2
XAUUSD,0,python Split,12.62,0.0,2
NZDCAD,0,python Split,0.95,0.0,2
XAUUSD,0,python Split,3.02,0.0,2
NZDJPY,0,python script cl,1.58,0.0,2
NZDJPY,0,python script cl,1.6,0.0,2
AUDNZD,1,python script cl,1.43,0.0,2
AUDNZD,1,python script cl,0.29,0.0,2
XAUUSD,0,python Split,4.57,0.0,2
AUDNZD,1,python script cl,-0.62,0.0,2
NZDCAD,0,python Split,3.72,0.0,2
NZDUSD,0,HOLD,2.69,0.0,2
AUDNZD,1,python script cl,-5.06,0.0,2
USDCAD,1,[sl 1.27341],-0.03,0.0,2
XAUUSD,0,python Split,12.19,0.0,2
USDCAD,1,python script cl,-7.16,0.0,2
XAUUSD,0,python Split,12.38,0.0,2
NZDUSD,0,python Split,0.19,0.0,2
NZDUSD,0,python Split,0.48,0.0,2
XAUUSD,0,python Split,2.71,0.0,2
USDCAD,1,python Split,0.87,0.0,2
AUDJPY,0,python Split,1.87,0.0,2
AUDJPY,0,python Split,1.23,0.0,2
USDCAD,1,python Split,0.89,0.0,2
NZDUSD,0,python script cl,-4.8100000000000005,0.0,2
USDCAD,1,python Split,2.61,0.0,2
AUDJPY,0,python Split,1.03,0.0,2
AUDJPY,0,python Split,1.01,0.0,2
NZDUSD,0,python script cl,-4.79,0.0,2
USDCAD,1,python Split,0.9,0.0,2
AUDJPY,0,python Split,0.92,0.0,2
NZDUSD,0,python script cl,-0.93,0.0,2
NZDUSD,0,python script cl,-0.83,0.0,2
NZDUSD,1,python Split,0.95,0.0,2
NZDCAD,0,python script cl,1.83,0.0,2
NZDCAD,0,python script cl,0.95,0.0,2
NZDCAD,0,python script cl,0.32,0.0,2
USDCAD,1,python Split,0.85,0.0,2
USDCAD,1,python Split,6.93,0.0,2
NZDCAD,0,python script cl,0.05,0.0,2
USDCAD,1,python Split,0.69,0.0,2
NZDUSD,0,python Split,0.92,0.0,2
AUDJPY,0,[sl 79.425],0.06,0.0,2
AUDJPY,1,python script cl,-4.87,0.0,2
AUDJPY,1,python script cl,-5.0,0.0,2
USDCAD,1,python Split,3.5,0.0,2
AUDJPY,0,HOLD,0.51,0.0,2
UKOIL.cash,0,HOLD,0.17,0.0,2
NZDUSD,0,python Split,1.78,0.0,2
AUDJPY,1,python Split,1.94,0.0,2
XAUUSD,0,python script cl,-12.26,0.0,2
NZDUSD,0,python Split,1.81,0.0,2
XAUUSD,0,python script cl,-12.03,0.0,2
AUDJPY,0,python script cl,-4.99,0.0,2
AUDJPY,0,python script cl,-5.02,0.0,2
NZDCAD,0,python Split,0.89,0.0,2
AUDNZD,1,python script cl,1.35,0.0,2
AUDUSD,1,python Split,1.13,0.0,2
NZDJPY,0,python script cl,-2.62,0.0,2
NZDJPY,0,python script cl,-2.07,0.0,2
NZDJPY,0,python script cl,-2.1,0.0,2
AUDUSD,1,python Split,1.02,0.0,2
AUDUSD,1,python Split,1.04,0.0,2
AUDUSD,1,python Split,1.07,0.0,2
AUDUSD,1,python Split,1.08,0.0,2
AUDUSD,1,python Split,1.09,0.0,2
NZDJPY,0,python script cl,-2.19,0.0,2
AUDUSD,1,python Split,1.47,0.0,2
NZDJPY,0,python script cl,-2.47,0.0,2
AUDUSD,1,python Split,1.9,0.0,2
AUDUSD,1,python Split,1.97,0.0,2
USDCAD,1,python script cl,-3.56,0.0,2
XAUUSD,0,python Split,1.54,0.0,2
AUDUSD,1,python Split,20.03,0.0,2
XAUUSD,0,[sl 1759.18],-0.01,0.0,2
USDCAD,1,python script cl,-3.51,0.0,2
AUDUSD,1,python script cl,2.28,0.0,2
NZDJPY,0,python script cl,-4.86,0.0,2
XAUUSD,0,[sl 1756.82],-0.03,0.0,2
CADJPY,0,HOLD,0.36,0.0,2
AUDCAD,1,python Split,1.0,0.0,2
NZDJPY,0,python script cl,-5.01,0.0,2
USDCAD,1,python script cl,-3.46,0.0,2
NZDCAD,0,[sl 0.87635],0.0,0.0,2
NZDJPY,0,[sl 77.041],0.32,0.0,2
AUDUSD,1,[sl 0.72712],0.0,0.0,2
CADJPY,0,python script cl,-2.75,0.0,2
NZDCAD,0,python Split,0.3,0.0,2
NZDJPY,0,python script cl,-1.82,0.0,2
AUDUSD,1,[sl 0.72668],-0.02,0.0,2
USDCAD,1,python script cl,-3.83,0.0,2
NZDCAD,0,python Split,0.23,0.0,2
USDCAD,1,python script cl,-3.85,0.0,2
NZDJPY,0,python script cl,-1.98,0.0,2
AUDUSD,1,[sl 0.72405],0.0,0.0,2
NZDJPY,0,HOLD,6.43,0.0,2
UKOIL.cash,0,python script cl,-1.12,0.0,2
AUDUSD,1,[sl 0.72636],0.0,0.0,2
AUDUSD,1,[sl 0.72639],-0.02,0.0,2
USDCAD,1,[sl 1.26243],-0.01,0.0,1
USDCAD,1,[sl 1.26308],0.01,0.0,1
USDCAD,1,[sl 1.27088],-0.02,0.0,1
USDCAD,1,[sl 1.26617],-0.05,0.0,1
USDCAD,1,[sl 1.27311],0.0,0.0,1
USDCAD,1,[sl 1.26640],-0.01,0.0,1
USDCAD,1,[sl 1.26641],-0.08,0.0,1
USDCAD,1,[sl 1.27324],0.0,0.0,1
USDCAD,1,python Split,0.8,0.0,1
USDCAD,1,[sl 1.27299],0.0,0.0,1
USDCAD,1,[sl 1.26659],-0.03,0.0,1
USDCAD,1,[sl 1.26657],0.0,0.0,1
USDCAD,1,[sl 1.26965],0.0,0.0,1
USDCAD,1,[sl 1.26610],0.0,0.0,1
USDCAD,1,[sl 1.26921],0.0,0.0,1
USDCAD,1,[sl 1.26688],0.0,0.0,1
USDCAD,1,HOLD,8.6,0.0,1
USDCAD,1,[sl 1.26791],0.0,0.0,1
USDCAD,1,[sl 1.26915],-0.03,0.0,1
USDCAD,1,[sl 1.26893],-0.01,0.0,1
USDCAD,1,HOLD,8.39,0.0,1
USDCAD,1,python Split,0.91,0.0,1
USDCAD,1,python Split,0.93,0.0,1
USDCAD,1,[sl 1.27262],0.0,0.0,1
USDCAD,1,[sl 1.27239],-0.09,0.0,1
USDCAD,1,[sl 1.26814],0.0,0.0,1
USDCAD,1,python Split,0.79,0.0,1
USDCAD,1,[sl 1.27232],0.0,0.0,1
USDCAD,1,[sl 1.26608],0.0,0.0,1
USDCAD,1,[sl 1.27242],-0.15,0.0,1
USDCAD,1,[sl 1.27121],-0.01,0.0,1
AUDCAD,1,[sl 0.92592],-0.01,0.0,1
USDCAD,1,[sl 1.26433],0.0,0.0,1
USDCAD,1,python Split,0.22,0.0,1
USDCAD,1,python Split,0.23,0.0,1
USDCAD,1,[sl 1.26245],-0.02,0.0,1
USDCAD,1,[sl 1.26538],-0.01,0.0,1
USDCAD,1,[sl 1.26075],0.0,0.0,1
USDCAD,1,python Split,0.41,0.0,1
USDCAD,1,[sl 1.27397],0.09,0.0,1
USDCAD,1,[sl 1.27368],-0.01,0.0,1
USDCAD,1,[sl 1.26409],0.0,0.0,1
USDCAD,1,[sl 1.26350],-0.01,0.0,1
USDCAD,1,[sl 1.26846],-0.03,0.0,1
USDCAD,1,[sl 1.27151],0.0,0.0,1
USDCAD,1,[sl 1.27120],0.0,0.0,1
USDCAD,1,[sl 1.26593],0.0,0.0,1
USDCAD,1,[sl 1.27112],-0.08,0.0,1
USDCAD,1,[sl 1.27337],0.0,0.0,1
USDCAD,1,[sl 1.26603],-0.01,0.0,1
USDCAD,1,[sl 1.27330],-0.07,0.0,1
USDCAD,1,[sl 1.27107],-0.01,0.0,1
USDCAD,1,python Split,0.71,0.0,1
USDCAD,1,python Split,0.16,0.0,1
USDCAD,1,[sl 1.27099],-0.01,0.0,1
USDCAD,1,[sl 1.27088],-0.01,0.0,1
USDCAD,1,[sl 1.26310],0.0,0.0,1
AUDJPY,0,[sl 79.428],0.11,0.0,1
USDCAD,1,HOLD,7.01,0.0,1
UKOIL.cash,0,[sl 79.408],0.33,0.0,1
UKOIL.cash,0,python Split,0.24,0.0,1
UKOIL.cash,0,python Split,0.21,0.0,1
UKOIL.cash,0,python Split,0.18,0.0,1
UKOIL.cash,0,[sl 79.708],0.17,0.0,1
UKOIL.cash,0,[sl 79.692],0.18,0.0,1
UKOIL.cash,0,[sl 79.516],0.27,0.0,1
UKOIL.cash,0,[sl 79.497],0.24,0.0,1
UKOIL.cash,0,[sl 79.289],0.12,0.0,1
UKOIL.cash,1,[sl 73.198],0.09,0.0,1
UKOIL.cash,0,[sl 79.244],0.13,0.0,1
UKOIL.cash,0,[sl 79.202],0.19,0.0,1
UKOIL.cash,0,[sl 79.192],0.14,0.0,1
UKOIL.cash,0,[sl 78.663],0.16,0.0,1
UKOIL.cash,0,[sl 78.612],0.14,0.0,1
UKOIL.cash,0,[sl 78.608],0.14,0.0,1
UKOIL.cash,0,[sl 78.262],0.04,0.0,1
AUDCAD,1,python Split,12.59,0.0,1
AUDCAD,1,python Split,12.32,0.0,1
AUDCAD,1,python Split,7.13,0.0,1
UKOIL.cash,0,python Split,0.3,0.0,1
UKOIL.cash,1,[sl 73.168],0.09,0.0,1
AUDCAD,1,python Split,1.01,0.0,1
AUDCAD,1,python Split,3.0,0.0,1
UKOIL.cash,0,python script cl,-1.08,0.0,1
AUDCAD,1,python Split,3.12,0.0,1
UKOIL.cash,0,python script cl,-1.11,0.0,1
UKOIL.cash,0,python script cl,-1.15,0.0,1
UKOIL.cash,0,python script cl,-1.32,0.0,1
UKOIL.cash,0,python script cl,-2.19,0.0,1
UKOIL.cash,0,python Split,0.52,0.0,1
UKOIL.cash,0,python Split,0.44,0.0,1
UKOIL.cash,0,python Split,0.37,0.0,1
UKOIL.cash,0,python Split,0.35,0.0,1
UKOIL.cash,0,python Split,0.33,0.0,1
UKOIL.cash,0,python Split,0.31,0.0,1
UKOIL.cash,0,[sl 78.261],0.03,0.0,1
UKOIL.cash,0,[sl 78.251],0.02,0.0,1
UKOIL.cash,0,[sl 78.245],0.03,0.0,1
UKOIL.cash,0,HOLD,0.16,0.0,1
AUDCAD,1,python script cl,-20.45,0.0,1
UKOIL.cash,0,HOLD,0.12,0.0,1
NZDUSD,1,python script cl,-9.15,0.0,1
NZDUSD,1,python script cl,-20.1,0.0,1
NZDUSD,1,python script cl,-48.23,0.0,1
NZDUSD,1,python Split,5.88,0.0,1
NZDUSD,1,python Split,4.98,0.0,1
NZDUSD,1,python Split,1.26,0.0,1
NZDUSD,1,python Split,1.14,0.0,1
NZDUSD,1,python Split,1.07,0.0,1
NZDUSD,1,python Split,1.01,0.0,1
NZDUSD,1,python Split,0.97,0.0,1
NZDUSD,1,[sl 0.70401],0.0,0.0,1
NZDUSD,1,[sl 0.70371],0.0,0.0,1
NZDUSD,1,[sl 0.70362],0.0,0.0,1
AUDCAD,1,python script cl,-21.75,0.0,1
UKOIL.cash,0,HOLD,0.18,0.0,1
UKOIL.cash,0,[sl 78.244],0.03,0.0,1
UKOIL.cash,0,HOLD,0.21,0.0,1
UKOIL.cash,0,[sl 78.231],0.03,0.0,1
UKOIL.cash,0,[sl 78.190],0.03,0.0,1
UKOIL.cash,0,[sl 78.186],0.02,0.0,1
UKOIL.cash,0,[sl 78.164],0.03,0.0,1
UKOIL.cash,0,[sl 78.134],0.01,0.0,1
UKOIL.cash,0,[sl 78.132],0.05,0.0,1
UKOIL.cash,0,[sl 78.126],0.03,0.0,1
UKOIL.cash,0,[sl 78.110],0.03,0.0,1
UKOIL.cash,0,[sl 78.106],0.02,0.0,1
UKOIL.cash,0,[sl 78.104],0.01,0.0,1
UKOIL.cash,0,[sl 78.074],0.03,0.0,1
UKOIL.cash,0,[sl 78.066],0.01,0.0,1
UKOIL.cash,0,[sl 78.012],0.04,0.0,1
AUDCAD,1,python script cl,-22.16,0.0,1
UKOIL.cash,0,HOLD,0.22,0.0,1
UKOIL.cash,1,[sl 73.176],0.09,0.0,1
UKOIL.cash,1,[sl 73.829],0.08,0.0,1
USDCAD,1,HOLD,6.28,0.0,1
US500.cash,1,python script cl,-3.13,0.0,1
USDCAD,0,[sl 1.26800],-0.02,0.0,1
AUDCAD,1,python Split,0.22,0.0,1
AUDCAD,1,python Split,0.27,0.0,1
US500.cash,1,python script cl,5.15,0.0,1
US500.cash,1,python script cl,2.93,0.0,1
US500.cash,1,python script cl,0.9,0.0,1
US500.cash,1,python script cl,-3.04,0.0,1
US500.cash,1,python script cl,-5.99,0.0,1
UKOIL.cash,1,[sl 73.907],0.05,0.0,1
US500.cash,1,python Split,1.59,0.0,1
US500.cash,1,python Split,1.48,0.0,1
US500.cash,1,python Split,1.44,0.0,1
US500.cash,1,python Split,1.31,0.0,1
US500.cash,1,python Split,1.26,0.0,1
US500.cash,1,python Split,0.95,0.0,1
US500.cash,1,python Split,0.86,0.0,1
USDCAD,0,[sl 1.26809],0.0,0.0,1
USDCAD,0,[tp 1.27395],2.55,0.0,1
USDCAD,0,python Split,0.18,0.0,1
USDCAD,0,python Split,0.19,0.0,1
USDCAD,1,HOLD,6.22,0.0,1
USDCAD,1,HOLD,5.94,0.0,1
USDCAD,1,HOLD,5.38,0.0,1
USDCAD,1,HOLD,4.54,0.0,1
USDCAD,1,HOLD,4.02,0.0,1
USDCAD,1,HOLD,3.99,0.0,1
USDCAD,1,HOLD,3.94,0.0,1
USDCAD,1,HOLD,3.88,0.0,1
USDCAD,1,HOLD,3.52,0.0,1
USDCAD,1,HOLD,2.13,0.0,1
USDCAD,1,HOLD,2.11,0.0,1
USDCAD,1,HOLD,1.6800000000000002,0.0,1
USDCAD,1,HOLD,1.58,0.0,1
USDCAD,1,HOLD,1.5699999999999998,0.0,1
USDCAD,1,HOLD,1.14,0.0,1
USDCAD,1,python Split,0.98,0.0,1
US500.cash,1,python Split,0.78,0.0,1
US500.cash,1,python Split,0.76,0.0,1
US30.cash,1,python Split,5.93,0.0,1
US30.cash,1,python Split,5.85,0.0,1
US30.cash,1,python Split,5.8100000000000005,0.0,1
US30.cash,1,python Split,5.7,0.0,1
US30.cash,1,[sl 33994.65],-0.11,0.0,1
US30.cash,1,[sl 33993.65],-0.03,0.0,1
US30.cash,1,[sl 33925.36],-0.01,0.0,1
US30.cash,1,[sl 33914.12],-0.11,0.0,1
US30.cash,1,[sl 33771.65],-0.01,0.0,1
US30.cash,1,[sl 33763.45],0.01,0.0,1
AUDCAD,1,python Split,0.96,0.0,1
UKOIL.cash,1,python Split,0.15,0.0,1
UKOIL.cash,1,python Split,0.12,0.0,1
UKOIL.cash,1,[sl 74.030],0.08,0.0,1
UKOIL.cash,1,[sl 74.001],0.09,0.0,1
UKOIL.cash,1,[sl 73.979],0.09,0.0,1
US30.cash,1,python Split,5.89,0.0,1
US30.cash,1,python Split,6.03,0.0,1
US500.cash,1,python Split,0.71,0.0,1
US30.cash,1,python Split,6.05,0.0,1
US500.cash,1,[sl 4356.83],0.03,0.0,1
US500.cash,1,[sl 4355.85],0.03,0.0,1
US500.cash,1,[sl 4354.31],0.03,0.0,1
US500.cash,1,[sl 4295.34],-0.03,0.0,1
US500.cash,1,[sl 4294.85],0.02,0.0,1
US500.cash,1,[sl 4287.70],-0.03,0.0,1
US500.cash,1,[sl 4285.49],-0.03,0.0,1
US500.cash,1,[sl 4282.70],-0.01,0.0,1
US500.cash,1,HOLD,1.48,0.0,1
AUDCAD,1,python Split,0.29,0.0,1
US30.cash,1,python script cl,21.98,0.0,1
US30.cash,1,python script cl,21.39,0.0,1
US30.cash,1,python script cl,-23.01,0.0,1
US30.cash,1,python Split,7.08,0.0,1
US30.cash,1,python Split,6.82,0.0,1
USDCAD,1,python Split,0.97,0.0,1
USDCAD,1,python script cl,-1.48,0.0,1
USDCAD,1,python Split,1.06,0.0,1
XAUUSD,0,python Split,2.57,0.0,1
XAUUSD,0,[sl 1762.28],0.05,0.0,1
XAUUSD,0,[sl 1761.77],0.07,0.0,1
XAUUSD,0,[sl 1760.03],0.0,0.0,1
XAUUSD,0,[sl 1760.01],-0.02,0.0,1
XAUUSD,0,[sl 1759.67],-0.05,0.0,1
XAUUSD,0,[sl 1759.60],-0.04,0.0,1
XAUUSD,0,[sl 1759.60],-0.05,0.0,1
XAUUSD,0,[sl 1759.43],-0.02,0.0,1
XAUUSD,0,[sl 1759.38],0.0,0.0,1
XAUUSD,0,[sl 1759.29],-0.02,0.0,1
XAUUSD,0,[sl 1759.10],-0.01,0.0,1
XAUUSD,0,[sl 1758.82],-0.03,0.0,1
XAUUSD,0,[sl 1758.47],-0.01,0.0,1
XAUUSD,0,[sl 1757.48],-0.03,0.0,1
XAUUSD,0,[sl 1755.53],-0.1,0.0,1
XAUUSD,0,[sl 1755.09],-0.03,0.0,1
XAUUSD,0,[sl 1754.86],-0.05,0.0,1
XAUUSD,0,[sl 1754.68],0.02,0.0,1
XAUUSD,0,[sl 1754.63],-0.03,0.0,1
XAUUSD,0,[sl 1762.41],-0.07,0.0,1
XAUUSD,0,[sl 1766.39],0.12,0.0,1
XAUUSD,0,[sl 1767.06],0.07,0.0,1
XAUUSD,0,python Split,1.76,0.0,1
XAUUSD,0,python Split,2.44,0.0,1
XAUUSD,0,python Split,2.42,0.0,1
XAUUSD,0,python Split,2.38,0.0,1
XAUUSD,0,python Split,2.22,0.0,1
XAUUSD,0,python Split,1.93,0.0,1
XAUUSD,0,python Split,1.86,0.0,1
XAUUSD,0,python Split,1.83,0.0,1
XAUUSD,0,python Split,1.82,0.0,1
XAUUSD,0,python Split,1.64,0.0,1
XAUUSD,0,[sl 1767.28],0.12,0.0,1
XAUUSD,0,python Split,1.59,0.0,1
XAUUSD,0,python Split,1.56,0.0,1
XAUUSD,0,python Split,1.5,0.0,1
XAUUSD,0,python Split,1.45,0.0,1
XAUUSD,0,[sl 1780.22],0.03,0.0,1
XAUUSD,0,[sl 1778.95],0.0,0.0,1
XAUUSD,0,[sl 1771.74],0.0,0.0,1
XAUUSD,0,[sl 1767.58],0.07,0.0,1
XAUUSD,0,[sl 1753.86],-0.12,0.0,1
XAUUSD,0,[sl 1753.52],0.09,0.0,1
XAUUSD,0,[sl 1753.51],0.07,0.0,1
XAUUSD,0,HOLD,2.23,0.0,1
XAUUSD,0,HOLD,6.18,0.0,1
XAUUSD,0,HOLD,6.14,0.0,1
XAUUSD,0,HOLD,6.12,0.0,1
XAUUSD,0,HOLD,5.98,0.0,1
XAUUSD,0,HOLD,2.81,0.0,1
XAUUSD,0,HOLD,2.34,0.0,1
XAUUSD,0,HOLD,2.31,0.0,1
XAUUSD,0,HOLD,2.28,0.0,1
XAUUSD,0,HOLD,1.96,0.0,1
XAUUSD,0,HOLD,6.25,0.0,1
XAUUSD,0,HOLD,1.92,0.0,1
XAUUSD,0,HOLD,1.59,0.0,1
XAUUSD,0,HOLD,1.42,0.0,1
XAUUSD,0,HOLD,1.37,0.0,1
XAUUSD,0,HOLD,1.29,0.0,1
XAUUSD,0,HOLD,1.05,0.0,1
XAUUSD,0,HOLD,0.94,0.0,1
XAUUSD,0,HOLD,0.87,0.0,1
XAUUSD,0,HOLD,6.22,0.0,1
XAUUSD,0,HOLD,6.36,0.0,1
XAUUSD,0,[sl 1753.41],0.05,0.0,1
XAUUSD,0,HOLD,27.63,0.0,1
XAUUSD,0,[sl 1752.97],-0.02,0.0,1
XAUUSD,0,[sl 1741.02],0.05,0.0,1
XAUUSD,0,[sl 1740.57],0.03,0.0,1
XAUUSD,0,[sl 1740.21],0.05,0.0,1
XAUUSD,0,[sl 1739.68],0.07,0.0,1
XAUUSD,0,[sl 1733.73],0.21,0.0,1
XAUUSD,0,[sl 1733.67],0.28,0.0,1
AUDCAD,1,HOLD,3.25,0.0,1
XAUUSD,0,HOLD,25.27,0.0,1
XAUUSD,0,HOLD,6.85,0.0,1
XAUUSD,0,HOLD,25.17,0.0,1
XAUUSD,0,HOLD,24.92,0.0,1
XAUUSD,0,HOLD,24.79,0.0,1
XAUUSD,0,HOLD,24.72,0.0,1
XAUUSD,0,HOLD,24.56,0.0,1
XAUUSD,0,HOLD,24.34,0.0,1
XAUUSD,0,HOLD,8.9,0.0,1
XAUUSD,0,HOLD,8.65,0.0,1
XAUUSD,0,python Split,2.47,0.0,1
XAUUSD,0,python Split,2.59,0.0,1
XAUUSD,0,HOLD,0.85,0.0,1
XAUUSD,0,python Split,2.65,0.0,1
XAUUSD,0,python script cl,-12.0,0.0,1
XAUUSD,0,python script cl,-12.12,0.0,1
XAUUSD,0,python script cl,-12.18,0.0,1
XAUUSD,0,python script cl,-12.2,0.0,1
XAUUSD,0,python script cl,-12.29,0.0,1
XAUUSD,0,python script cl,-12.34,0.0,1
XAUUSD,0,python script cl,-12.43,0.0,1
XAUUSD,0,python script cl,-12.44,0.0,1
XAUUSD,0,python script cl,-12.48,0.0,1
XAUUSD,0,python script cl,-12.49,0.0,1
XAUUSD,0,python script cl,-12.53,0.0,1
XAUUSD,0,python script cl,-12.63,0.0,1
XAUUSD,0,python script cl,-12.72,0.0,1
XAUUSD,0,python script cl,-12.82,0.0,1
XAUUSD,0,python script cl,-12.87,0.0,1
XAUUSD,0,python script cl,-12.89,0.0,1
XAUUSD,0,python script cl,-13.22,0.0,1
XAUUSD,0,python script cl,-13.36,0.0,1
XAUUSD,0,python script cl,-13.42,0.0,1
XAUUSD,0,python script cl,-11.99,0.0,1
XAUUSD,0,python script cl,-11.93,0.0,1
XAUUSD,0,python script cl,-11.83,0.0,1
XAUUSD,0,python script cl,7.98,0.0,1
AUDCAD,1,HOLD,1.51,0.0,1
AUDCAD,1,HOLD,1.59,0.0,1
XAUUSD,0,python script cl,20.29,0.0,1
XAUUSD,0,python script cl,19.96,0.0,1
XAUUSD,0,python script cl,19.87,0.0,1
XAUUSD,0,python script cl,19.76,0.0,1
XAUUSD,0,python script cl,19.16,0.0,1
XAUUSD,0,python script cl,18.93,0.0,1
XAUUSD,0,python script cl,7.89,0.0,1
XAUUSD,0,python script cl,-11.4,0.0,1
XAUUSD,0,python script cl,7.67,0.0,1
XAUUSD,0,python script cl,7.35,0.0,1
XAUUSD,0,python script cl,7.02,0.0,1
XAUUSD,0,python script cl,6.69,0.0,1
XAUUSD,0,python script cl,6.54,0.0,1
XAUUSD,0,python script cl,6.48,0.0,1
XAUUSD,0,python script cl,6.39,0.0,1
XAUUSD,0,python script cl,5.26,0.0,1
XAUUSD,0,python script cl,-13.97,0.0,1
XAUUSD,0,python script cl,-48.73,0.0,1
XAUUSD,0,python Split,50.13,0.0,1
XAUUSD,0,python Split,4.47,0.0,1
XAUUSD,0,python Split,4.7,0.0,1
XAUUSD,0,python Split,4.66,0.0,1
XAUUSD,0,python Split,4.62,0.0,1
XAUUSD,0,python Split,4.6,0.0,1
XAUUSD,0,python Split,4.55,0.0,1
XAUUSD,0,python Split,4.54,0.0,1
XAUUSD,0,python Split,4.51,0.0,1
XAUUSD,0,python Split,4.49,0.0,1
XAUUSD,0,python Split,4.44,0.0,1
XAUUSD,0,python Split,4.8100000000000005,0.0,1
XAUUSD,0,python Split,4.41,0.0,1
XAUUSD,0,python Split,4.25,0.0,1
XAUUSD,0,python Split,4.18,0.0,1
XAUUSD,0,python Split,3.34,0.0,1
XAUUSD,0,python Split,3.04,0.0,1
XAUUSD,0,python Split,2.83,0.0,1
XAUUSD,0,python Split,2.81,0.0,1
XAUUSD,0,python Split,2.72,0.0,1
XAUUSD,0,python Split,4.72,0.0,1
XAUUSD,0,python Split,4.82,0.0,1
XAUUSD,0,python Split,48.56,0.0,1
XAUUSD,0,python Split,13.8,0.0,1
XAUUSD,0,python Split,48.42,0.0,1
XAUUSD,0,python Split,48.35,0.0,1
XAUUSD,0,python Split,48.28,0.0,1
XAUUSD,0,python Split,43.77,0.0,1
XAUUSD,0,python Split,43.59,0.0,1
XAUUSD,0,python Split,17.34,0.0,1
XAUUSD,0,python Split,16.5,0.0,1
XAUUSD,0,python Split,15.0,0.0,1
XAUUSD,0,python Split,12.82,0.0,1
XAUUSD,0,python Split,4.86,0.0,1
XAUUSD,0,python Split,12.71,0.0,1
XAUUSD,0,python Split,12.69,0.0,1
XAUUSD,0,python Split,12.67,0.0,1
XAUUSD,0,python Split,12.64,0.0,1
XAUUSD,0,python Split,12.46,0.0,1
XAUUSD,0,python Split,12.33,0.0,1
XAUUSD,0,python Split,9.65,0.0,1
XAUUSD,0,python Split,9.58,0.0,1
XAUUSD,0,HOLD,0.86,0.0,1
XAUUSD,0,HOLD,0.82,0.0,1
USDCAD,1,python Split,1.1,0.0,1
USDCHF,1,python Split,1.4,0.0,1
USDCAD,1,python script cl,0.03,0.0,1
USDCAD,1,python script cl,-0.42,0.0,1
USDCAD,1,python script cl,-0.65,0.0,1
USDCAD,1,python script cl,-0.72,0.0,1
USDCAD,1,python script cl,-0.83,0.0,1
USDCAD,1,python script cl,-0.94,0.0,1
NZDUSD,1,[sl 0.70341],0.0,0.0,1
USDCAD,1,python script cl,-1.71,0.0,1
USDCAD,1,python script cl,-1.72,0.0,1
USDCAD,1,python script cl,-1.75,0.0,1
USDCAD,1,python script cl,-1.78,0.0,1
USDCAD,1,python script cl,-1.81,0.0,1
USDCAD,1,python script cl,-3.38,0.0,1
USDCAD,1,python script cl,-3.39,0.0,1
USDCAD,1,python script cl,-3.41,0.0,1
AUDCAD,1,[sl 0.92589],-0.01,0.0,1
USDCAD,1,python script cl,-3.48,0.0,1
AUDCAD,1,[sl 0.92591],0.0,0.0,1
USDCAD,1,python script cl,-3.54,0.0,1
USDCAD,1,python script cl,0.14,0.0,1
USDCAD,1,python script cl,0.39,0.0,1
USDCAD,1,python script cl,0.56,0.0,1
AUDCAD,1,HOLD,6.27,0.0,1
USDCHF,1,python Split,1.27,0.0,1
USDCHF,1,[sl 0.92905],-0.07,0.0,1
USDCHF,1,[sl 0.92901],0.0,0.0,1
USDCHF,1,[sl 0.92897],0.0,0.0,1
USDCHF,1,[sl 0.92362],-0.22,0.0,1
USDCHF,1,[sl 0.92358],0.22,0.0,1
USDCHF,1,[sl 0.92326],0.0,0.0,1
USDCHF,0,python script cl,0.92,0.0,1
AUDCAD,1,[sl 0.91722],-0.11,0.0,1
USDCAD,1,python script cl,0.69,0.0,1
AUDCAD,1,[sl 0.92586],0.01,0.0,1
USDCAD,1,python script cl,2.91,0.0,1
USDCAD,1,python script cl,2.88,0.0,1
USDCAD,1,python script cl,1.55,0.0,1
USDCAD,1,python script cl,1.28,0.0,1
USDCAD,1,python script cl,1.11,0.0,1
USDCAD,1,python script cl,1.04,0.0,1
USDCAD,1,python script cl,0.8,0.0,1
USDCAD,1,python script cl,-3.59,0.0,1
USDCAD,1,python script cl,-3.62,0.0,1
USDCAD,1,python script cl,-3.63,0.0,1
USDCAD,1,python Split,3.11,0.0,1
USDCAD,1,python Split,12.5,0.0,1
USDCAD,1,python Split,12.39,0.0,1
USDCAD,1,python Split,8.98,0.0,1
USDCAD,1,python Split,7.04,0.0,1
USDCAD,1,python Split,4.3,0.0,1
USDCAD,1,python Split,4.22,0.0,1
USDCAD,1,python Split,3.16,0.0,1
USDCAD,1,python Split,3.14,0.0,1
USDCAD,1,python Split,2.81,0.0,1
USDCAD,1,python Split,14.42,0.0,1
USDCAD,1,python Split,2.7,0.0,1
USDCAD,1,python Split,2.68,0.0,1
USDCAD,1,python Split,2.62,0.0,1
USDCAD,1,python Split,2.26,0.0,1
USDCAD,1,python Split,1.59,0.0,1
USDCAD,1,python Split,1.58,0.0,1
USDCAD,1,python Split,1.55,0.0,1
USDCAD,1,python Split,1.54,0.0,1
USDCAD,1,python Split,13.96,0.0,1
USDCAD,1,python Split,17.17,0.0,1
USDCAD,1,python script cl,-3.66,0.0,1
USDCAD,1,python script cl,-4.03,0.0,1
USDCAD,1,python script cl,-3.71,0.0,1
USDCAD,1,python script cl,-3.78,0.0,1
USDCAD,1,python script cl,-3.81,0.0,1
USDCAD,1,python script cl,-3.88,0.0,1
USDCAD,1,python script cl,-3.9,0.0,1
USDCAD,1,python script cl,-3.91,0.0,1
USDCAD,1,python script cl,-3.92,0.0,1
USDCAD,1,python script cl,-3.98,0.0,1
USDCAD,1,python script cl,-4.37,0.0,1
USDCAD,1,python Split,17.53,0.0,1
USDCAD,1,python script cl,-4.64,0.0,1
USDCAD,1,python script cl,-5.6,0.0,1
USDCAD,1,python script cl,-6.94,0.0,1
USDCAD,1,python script cl,-6.96,0.0,1
USDCAD,1,python script cl,-13.25,0.0,1
USDCAD,1,python script cl,-18.1,0.0,1
USDCAD,1,python script cl,-29.62,0.0,1
USDCAD,1,python script cl,-32.96,0.0,1
USDCHF,1,python Split,1.38,0.0,1
USDCHF,1,python Split,1.54,0.0,1
XAUUSD,0,HOLD,0.77,0.0,1
AUDCAD,1,HOLD,6.03,0.0,1
USDJPY,1,python Split,13.76,0.0,1
USDJPY,1,python Split,4.88,0.0,1
USDJPY,1,python Split,4.5600000000000005,0.0,1
USDJPY,1,python Split,3.78,0.0,1
USDJPY,1,python Split,2.55,0.0,1
USDJPY,1,python Split,2.52,0.0,1
USDJPY,1,python Split,1.33,0.0,1
USDJPY,1,python Split,1.32,0.0,1
USDJPY,1,[sl 111.161],1.18,0.0,1
USDJPY,1,[sl 111.159],0.73,0.0,1
USDJPY,1,[sl 111.145],0.7,0.0,1
USDJPY,1,[sl 111.110],1.69,0.0,1
USDJPY,1,[sl 109.501],0.64,0.0,1
USDJPY,1,[sl 109.498],6.16,0.0,1
USDJPY,1,[sl 109.493],0.61,0.0,1
USDJPY,1,[sl 109.417],0.04,0.0,1
USDJPY,1,[sl 109.388],0.01,0.0,1
USDJPY,1,[sl 109.368],0.02,0.0,1
USDJPY,1,HOLD,9.77,0.0,1
USDJPY,1,python Split,13.81,0.0,1
USDJPY,1,python Split,13.93,0.0,1
USDJPY,1,python script cl,-56.27,0.0,1
USDJPY,1,python script cl,-7.06,0.0,1
XAUUSD,0,HOLD,0.76,0.0,1
USDJPY,1,python script cl,-5.54,0.0,1
USDJPY,1,python script cl,-6.61,0.0,1
USDJPY,1,python script cl,-6.82,0.0,1
USDJPY,1,python script cl,-6.88,0.0,1
USDJPY,1,python script cl,-6.92,0.0,1
USDJPY,1,python script cl,-6.95,0.0,1
USDJPY,1,python script cl,-6.98,0.0,1
USDJPY,1,python script cl,-7.14,0.0,1
USDJPY,1,python script cl,-55.64,0.0,1
USDJPY,1,python script cl,-7.23,0.0,1
USDJPY,1,python script cl,-7.32,0.0,1
USDJPY,1,python script cl,-7.54,0.0,1
USDJPY,1,python script cl,-7.88,0.0,1
USDJPY,1,python script cl,-8.22,0.0,1
USDJPY,1,python script cl,-27.39,0.0,1
USDJPY,1,python script cl,-27.4,0.0,1
USDJPY,1,python script cl,-27.65,0.0,1
USDJPY,1,HOLD,9.11,0.0,1
USDJPY,1,HOLD,2.43,0.0,1
USDJPY,1,HOLD,2.26,0.0,1
USDCHF,1,python Split,14.81,0.0,1
USDCHF,1,python script cl,-27.85,0.0,1
USDCHF,1,python script cl,-28.04,0.0,1
USDCHF,1,python script cl,-28.13,0.0,1
USDCHF,1,python script cl,-30.91,0.0,1
USDCHF,1,python Split,20.02,0.0,1
USDCHF,1,python Split,19.5,0.0,1
USDCHF,1,python Split,17.05,0.0,1
USDCHF,1,python Split,16.45,0.0,1
USDCHF,1,python Split,14.52,0.0,1
USDCHF,1,python script cl,-27.35,0.0,1
USDCHF,1,python Split,14.22,0.0,1
USDCHF,1,python Split,13.55,0.0,1
USDCHF,1,python Split,7.01,0.0,1
USDCHF,1,python Split,2.89,0.0,1
USDCHF,1,python Split,2.78,0.0,1
USDCHF,1,python Split,2.76,0.0,1
USDCHF,1,python Split,2.71,0.0,1
USDCHF,1,python Split,2.65,0.0,1
USDCHF,1,python script cl,-27.84,0.0,1
USDCHF,1,python script cl,-27.16,0.0,1
USDJPY,1,HOLD,2.08,0.0,1
USDCHF,1,python script cl,10.65,0.0,1
AUDCAD,1,HOLD,3.26,0.0,1
USDCHF,1,python script cl,16.82,0.0,1
USDCHF,1,python script cl,16.08,0.0,1
USDCHF,1,python script cl,15.56,0.0,1
USDCHF,1,python script cl,13.87,0.0,1
USDCHF,1,python script cl,13.1,0.0,1
USDCHF,1,python script cl,12.58,0.0,1
USDCHF,1,python script cl,10.8,0.0,1
USDCHF,1,python script cl,10.35,0.0,1
USDCHF,1,python script cl,-8.54,0.0,1
USDCHF,1,python script cl,9.68,0.0,1
USDCHF,1,python script cl,3.96,0.0,1
USDCHF,1,python script cl,3.39,0.0,1
USDCHF,1,python script cl,3.35,0.0,1
USDCHF,1,python script cl,-4.74,0.0,1
USDCHF,1,python script cl,-6.91,0.0,1
USDCHF,1,python script cl,-6.97,0.0,1
USDCHF,1,python script cl,-7.01,0.0,1
NZDUSD,1,[sl 0.70355],0.0,0.0,1
AUDCAD,1,python script cl,-0.47,0.0,1
NZDUSD,1,[sl 0.70265],-0.05,0.0,1
CADJPY,0,[sl 88.124],1.19,0.0,1
CADJPY,0,[sl 88.177],0.1,0.0,1
CADJPY,0,[sl 88.176],0.13,0.0,1
CADJPY,0,[sl 88.173],0.09,0.0,1
CADJPY,0,[sl 88.167],0.08,0.0,1
CADJPY,0,[sl 88.165],0.07,0.0,1
CADJPY,0,[sl 88.161],0.71,0.0,1
CADJPY,0,[sl 88.158],0.12,0.0,1
CADJPY,0,[sl 88.151],0.12,0.0,1
CADJPY,0,[sl 88.052],0.39,0.0,1
CADJPY,0,[sl 87.941],0.14,0.0,1
CADJPY,0,[sl 88.000],0.63,0.0,1
CADJPY,0,[sl 87.978],0.15,0.0,1
CADJPY,0,[sl 87.977],0.67,0.0,1
CADJPY,0,[sl 87.972],0.22,0.0,1
CADJPY,0,[sl 87.967],0.62,0.0,1
CADJPY,0,[sl 87.965],0.62,0.0,1
CADJPY,0,[sl 87.962],0.17,0.0,1
CADJPY,0,[sl 87.962],0.15,0.0,1
CADJPY,0,[sl 88.177],0.11,0.0,1
CADJPY,0,[sl 88.187],0.4,0.0,1
CADJPY,0,[sl 88.194],0.4,0.0,1
CADJPY,0,[sl 88.197],0.4,0.0,1
CADJPY,0,python Split,0.48,0.0,1
CADJPY,0,python Split,0.43,0.0,1
CADJPY,0,python Split,0.29,0.0,1
CADJPY,0,python Split,0.28,0.0,1
CADJPY,0,python Split,0.26,0.0,1
CADJPY,0,python Split,0.25,0.0,1
CADJPY,0,python Split,0.21,0.0,1
CADJPY,0,python Split,0.19,0.0,1
CADJPY,0,python Split,0.18,0.0,1
CADJPY,0,python Split,0.16,0.0,1
CADJPY,0,[sl 88.225],0.04,0.0,1
CADJPY,0,[sl 88.223],0.05,0.0,1
CADJPY,0,[sl 88.211],0.38,0.0,1
CADJPY,0,[sl 88.210],0.4,0.0,1
CADJPY,0,[sl 88.207],0.4,0.0,1
CADJPY,0,[sl 88.203],0.09,0.0,1
CADJPY,0,[sl 88.200],0.67,0.0,1
CADJPY,0,[sl 87.958],0.6,0.0,1
CADJPY,0,[sl 87.941],0.07,0.0,1
NZDCAD,0,HOLD,2.08,0.0,1
CADJPY,0,[sl 87.273],0.19,0.0,1
CADJPY,0,[sl 87.684],0.04,0.0,1
CADJPY,0,[sl 87.675],0.1,0.0,1
CADJPY,0,[sl 87.671],0.04,0.0,1
CADJPY,0,[sl 87.615],3.02,0.0,1
CADJPY,0,[sl 87.614],3.27,0.0,1
CADJPY,0,[sl 87.567],3.14,0.0,1
CADJPY,0,[sl 87.275],0.05,0.0,1
CADJPY,0,[sl 87.274],0.19,0.0,1
CADJPY,0,[sl 87.273],0.17,0.0,1
CADJPY,0,[sl 87.938],0.19,0.0,1
CADJPY,0,[sl 87.270],0.16,0.0,1
CADJPY,0,[sl 87.270],0.15,0.0,1
CADJPY,0,[sl 87.224],0.17,0.0,1
CADJPY,0,[sl 87.190],0.05,0.0,1
CADJPY,0,[sl 87.174],0.06,0.0,1
CADJPY,0,[sl 87.157],0.1,0.0,1
CADJPY,0,[sl 87.007],0.05,0.0,1
CADJPY,0,HOLD,6.72,0.0,1
CADJPY,0,[sl 87.688],1.39,0.0,1
CADJPY,0,[sl 87.690],0.05,0.0,1
CADJPY,0,[sl 87.694],0.04,0.0,1
CADJPY,0,[sl 87.695],0.05,0.0,1
CADJPY,0,[sl 87.937],0.08,0.0,1
CADJPY,0,[sl 87.928],0.05,0.0,1
CADJPY,0,[sl 87.923],0.09,0.0,1
CADJPY,0,[sl 87.912],0.06,0.0,1
CADJPY,0,[sl 87.910],0.06,0.0,1
CADJPY,0,[sl 87.903],0.09,0.0,1
CADJPY,0,[sl 87.899],0.08,0.0,1
CADJPY,0,[sl 87.893],0.4,0.0,1
CADJPY,0,[sl 87.890],0.06,0.0,1
CADJPY,0,[sl 87.890],0.05,0.0,1
CADJPY,0,[sl 87.878],0.39,0.0,1
CADJPY,0,[sl 87.878],0.35,0.0,1
CADJPY,0,[sl 87.869],0.42,0.0,1
CADJPY,0,[sl 87.854],0.42,0.0,1
CADJPY,0,[sl 87.850],0.39,0.0,1
CADJPY,0,[sl 87.786],0.73,0.0,1
CADJPY,0,[sl 87.702],0.0,0.0,1
CADJPY,0,python Split,0.57,0.0,1
CADJPY,0,python Split,0.66,0.0,1
AUDJPY,0,[sl 79.372],1.23,0.0,1
CADJPY,0,python script cl,-2.93,0.0,1
CADJPY,0,python script cl,2.34,0.0,1
CADJPY,0,python script cl,0.58,0.0,1
CADJPY,0,python script cl,0.4,0.0,1
CADJPY,0,python script cl,-1.08,0.0,1
CADJPY,0,python script cl,-1.1,0.0,1
CADJPY,0,python script cl,-2.63,0.0,1
CADJPY,0,python script cl,-2.69,0.0,1
CADJPY,0,python script cl,-2.9,0.0,1
CADJPY,0,python script cl,-2.97,0.0,1
CADJPY,0,python Split,0.7,0.0,1
CADJPY,0,python script cl,-3.09,0.0,1
CADJPY,0,python script cl,-3.18,0.0,1
CADJPY,0,python script cl,-3.21,0.0,1
CADJPY,0,python script cl,-3.4,0.0,1
CADJPY,0,python script cl,-3.52,0.0,1
CADJPY,0,python script cl,-5.4,0.0,1
CADJPY,0,python script cl,-5.43,0.0,1
CADJPY,0,python script cl,-5.44,0.0,1
CADJPY,0,python script cl,2.38,0.0,1
CADJPY,0,python script cl,2.4,0.0,1
CADJPY,0,python script cl,2.41,0.0,1
CADJPY,0,python script cl,2.43,0.0,1
NZDCAD,0,HOLD,0.93,0.0,1
NZDCAD,0,HOLD,0.92,0.0,1
NZDCAD,0,HOLD,0.9,0.0,1
NZDCAD,0,HOLD,0.89,0.0,1
NZDCAD,0,HOLD,0.87,0.0,1
NZDCAD,0,HOLD,0.41,0.0,1
NZDCAD,0,HOLD,0.38,0.0,1
FRA40.cash,0,python script cl,2.68,0.0,1
FRA40.cash,0,python script cl,2.28,0.0,1
FRA40.cash,0,python script cl,1.48,0.0,1
FRA40.cash,0,python script cl,0.68,0.0,1
FRA40.cash,0,python script cl,0.08,0.0,1
CADJPY,1,Renf Split,0.0,0.0,1
AUDJPY,0,[sl 79.293],0.62,0.0,1
AUDJPY,0,[sl 79.294],0.65,0.0,1
CADJPY,0,python script cl,4.21,0.0,1
CADJPY,0,python script cl,2.44,0.0,1
CADJPY,0,python script cl,-5.48,0.0,1
CADJPY,0,python script cl,-5.5,0.0,1
CADJPY,0,python script cl,-5.63,0.0,1
CADJPY,0,python Split,2.29,0.0,1
CADJPY,0,python Split,2.2,0.0,1
CADJPY,0,python Split,2.14,0.0,1
CADJPY,0,python Split,2.12,0.0,1
AUDJPY,0,[sl 79.371],1.17,0.0,1
CADJPY,0,python Split,2.05,0.0,1
CADJPY,0,python Split,2.03,0.0,1
CADJPY,0,python Split,2.01,0.0,1
CADJPY,0,python Split,1.96,0.0,1
CADJPY,0,python Split,1.45,0.0,1
CADJPY,0,python Split,1.32,0.0,1
CADJPY,0,python Split,1.28,0.0,1
CADJPY,0,python Split,1.04,0.0,1
CADJPY,0,python Split,0.99,0.0,1
CADJPY,0,python Split,0.82,0.0,1
CADJPY,0,python Split,0.79,0.0,1
CADJPY,0,python Split,0.73,0.0,1
CADJPY,0,python Split,0.72,0.0,1
CADJPY,0,python Split,2.28,0.0,1
CADJPY,0,python Split,2.34,0.0,1
CADJPY,0,python Split,13.86,0.0,1
CADJPY,0,python Split,2.49,0.0,1
CADJPY,0,python Split,13.49,0.0,1
CADJPY,0,python Split,13.45,0.0,1
CADJPY,0,python Split,13.3,0.0,1
CADJPY,0,python Split,10.53,0.0,1
CADJPY,0,python Split,10.1,0.0,1
CADJPY,0,python Split,10.04,0.0,1
CADJPY,0,python Split,8.99,0.0,1
CADJPY,0,python Split,8.8,0.0,1
CADJPY,0,python Split,8.37,0.0,1
CADJPY,0,python Split,5.93,0.0,1
CADJPY,0,python Split,5.73,0.0,1
CADJPY,0,python Split,5.49,0.0,1
CADJPY,0,python Split,5.36,0.0,1
CADJPY,0,python Split,3.32,0.0,1
CADJPY,0,python Split,3.19,0.0,1
CADJPY,0,python Split,2.72,0.0,1
CADJPY,0,python Split,2.68,0.0,1
CADJPY,0,HOLD,6.37,0.0,1
CADJPY,0,HOLD,5.36,0.0,1
CADJPY,0,HOLD,5.26,0.0,1
AUDNZD,1,[sl 1.03150],-2.91,0.0,1
AUDNZD,1,python Split,1.04,0.0,1
AUDNZD,1,python Split,1.03,0.0,1
AUDNZD,1,python Split,1.02,0.0,1
AUDNZD,1,python Split,1.01,0.0,1
AUDJPY,0,[sl 79.409],0.64,0.0,1
AUDNZD,1,python Split,0.97,0.0,1
AUDNZD,1,python Split,0.96,0.0,1
AUDNZD,1,[sl 1.03158],-3.3,0.0,1
AUDNZD,1,[sl 1.03082],0.0,0.0,1
AUDNZD,1,python script cl,1.51,0.0,1
AUDNZD,1,[sl 1.03064],-2.3,0.0,1
AUDNZD,1,[sl 1.03051],-0.42,0.0,1
AUDNZD,1,[sl 1.03050],-0.41,0.0,1
AUDNZD,1,[sl 1.03041],-0.3,0.0,1
AUDNZD,1,[sl 1.03035],0.0,0.0,1
AUDNZD,1,[sl 1.03034],0.0,0.0,1
AUDNZD,1,[sl 1.03029],-0.06,0.0,1
AUDNZD,1,[sl 1.03027],-0.04,0.0,1
AUDNZD,1,python Split,1.86,0.0,1
AUDNZD,1,python Split,1.87,0.0,1
AUDNZD,1,python Split,1.92,0.0,1
AUDNZD,1,python Split,4.84,0.0,1
AUDNZD,1,python script cl,1.47,0.0,1
AUDNZD,1,python script cl,-0.26,0.0,1
AUDNZD,1,python script cl,-0.55,0.0,1
AUDNZD,1,python script cl,-0.86,0.0,1
AUDNZD,1,python script cl,-0.89,0.0,1
AUDNZD,1,python script cl,-2.09,0.0,1
AUDNZD,1,python script cl,-2.18,0.0,1
AUDNZD,1,python script cl,-2.23,0.0,1
AUDNZD,1,python script cl,-5.01,0.0,1
AUDNZD,1,python script cl,-5.03,0.0,1
AUDNZD,1,python script cl,-5.13,0.0,1
AUDNZD,1,python script cl,-5.18,0.0,1
AUDNZD,1,python script cl,-5.42,0.0,1
AUDNZD,1,python script cl,-5.61,0.0,1
AUDNZD,1,python Split,5.16,0.0,1
AUDNZD,1,python Split,5.08,0.0,1
AUDNZD,1,python Split,4.97,0.0,1
AUDNZD,1,[sl 1.03026],-0.02,0.0,1
AUDNZD,1,[sl 1.03021],-0.01,0.0,1
AUDNZD,1,[sl 1.03020],0.0,0.0,1
AUDJPY,0,python Split,1.9,0.0,1
AUDJPY,0,python Split,1.21,0.0,1
AUDJPY,0,python Split,1.18,0.0,1
AUDJPY,0,python Split,1.17,0.0,1
AUDJPY,0,python Split,1.0,0.0,1
AUDJPY,0,python Split,0.98,0.0,1
AUDJPY,0,python Split,0.89,0.0,1
AUDJPY,0,python Split,0.83,0.0,1
AUDJPY,0,python Split,0.78,0.0,1
AUDJPY,0,[sl 79.644],0.62,0.0,1
AUDJPY,0,[sl 79.517],0.62,0.0,1
AUDJPY,0,[sl 79.483],0.67,0.0,1
AUDJPY,0,[sl 79.480],0.65,0.0,1
AUDJPY,0,[sl 79.452],0.64,0.0,1
AUDJPY,0,[sl 79.437],0.11,0.0,1
AUDJPY,0,[sl 79.434],0.06,0.0,1
AUDJPY,0,[sl 79.432],1.53,0.0,1
AUDJPY,0,[sl 79.431],0.72,0.0,1
AUDJPY,0,python Split,1.89,0.0,1
AUDJPY,0,python Split,1.95,0.0,1
AUDNZD,1,[sl 1.03016],-0.01,0.0,1
AUDJPY,0,python script cl,-12.35,0.0,1
AUDNZD,1,[sl 1.03012],-0.01,0.0,1
AUDJPY,0,[sl 79.412],0.62,0.0,1
AUDJPY,0,[sl 79.418],0.62,0.0,1
AUDJPY,1,python script cl,-5.03,0.0,1
AUDJPY,1,python Split,16.16,0.0,1
AUDJPY,1,python Split,5.05,0.0,1
AUDJPY,1,python Split,5.03,0.0,1
AUDJPY,1,python Split,1.96,0.0,1
AUDJPY,1,python Split,1.91,0.0,1
AUDJPY,1,python Split,1.89,0.0,1
AUDJPY,1,python Split,1.88,0.0,1
AUDJPY,1,[sl 80.869],1.18,0.0,1
AUDJPY,1,[sl 80.765],1.18,0.0,1
AUDJPY,0,[sl 79.426],0.09,0.0,1
AUDJPY,1,HOLD,10.16,0.0,1
AUDJPY,0,python script cl,0.95,0.0,1
AUDJPY,0,python script cl,-5.15,0.0,1
AUDNZD,1,python script cl,1.49,0.0,1
AUDNZD,1,python script cl,1.52,0.0,1
CADJPY,0,HOLD,4.83,0.0,1
AUDUSD,1,python script cl,-3.14,0.0,1
CADJPY,0,HOLD,0.73,0.0,1
CADJPY,0,HOLD,0.39,0.0,1
CADJPY,0,HOLD,0.37,0.0,1
CADJPY,0,HOLD,0.32,0.0,1
AUDUSD,1,python script cl,8.0,0.0,1
AUDUSD,1,python script cl,-0.28,0.0,1
AUDUSD,1,python script cl,-0.96,0.0,1
AUDUSD,1,python script cl,-1.91,0.0,1
AUDUSD,1,python script cl,-3.55,0.0,1
AUDNZD,1,python script cl,1.55,0.0,1
AUDUSD,1,python Split,7.25,0.0,1
AUDUSD,1,python Split,5.06,0.0,1
AUDUSD,1,python Split,5.05,0.0,1
AUDUSD,1,python Split,4.99,0.0,1
AUDUSD,1,python Split,4.48,0.0,1
AUDUSD,1,python Split,4.34,0.0,1
AUDUSD,1,python Split,4.28,0.0,1
AUDUSD,1,python Split,4.0,0.0,1
CADJPY,0,HOLD,1.0,0.0,1
CADJPY,0,HOLD,1.01,0.0,1
CADJPY,0,HOLD,1.07,0.0,1
CADJPY,0,HOLD,1.08,0.0,1
CADJPY,0,HOLD,4.59,0.0,1
CADJPY,0,HOLD,4.16,0.0,1
CADJPY,0,HOLD,2.9,0.0,1
CADJPY,0,HOLD,2.77,0.0,1
CADJPY,0,HOLD,2.71,0.0,1
CADJPY,0,HOLD,2.65,0.0,1
CADJPY,0,HOLD,2.64,0.0,1
CADJPY,0,HOLD,2.63,0.0,1
CADJPY,0,HOLD,2.58,0.0,1
CADJPY,0,HOLD,1.59,0.0,1
CADJPY,0,HOLD,1.49,0.0,1
CADJPY,0,HOLD,1.33,0.0,1
CADJPY,0,HOLD,1.31,0.0,1
CADJPY,0,HOLD,1.25,0.0,1
CADJPY,0,HOLD,1.21,0.0,1
CADJPY,0,HOLD,1.17,0.0,1
CADJPY,0,HOLD,1.11,0.0,1
AUDUSD,1,python Split,1.93,0.0,1
AUDUSD,1,python Split,1.86,0.0,1
AUDUSD,1,python Split,1.64,0.0,1
AUDUSD,1,[sl 0.72346],-0.07,0.0,1
AUDUSD,1,[sl 0.72330],0.0,0.0,1
AUDUSD,1,[sl 0.72329],0.0,0.0,1
AUDUSD,1,[sl 0.72324],0.0,0.0,1
AUDUSD,1,[sl 0.72322],0.0,0.0,1
AUDUSD,1,[sl 0.72302],-0.07,0.0,1
AUDUSD,1,[sl 0.72268],-0.07,0.0,1
AUDUSD,1,[sl 0.71970],-0.14,0.0,1
AUDUSD,1,[sl 0.71870],-0.07,0.0,1
AUDUSD,1,[sl 0.71868],-0.14,0.0,1
AUDUSD,1,[sl 0.71812],0.0,0.0,1
AUDUSD,0,Renf Split,0.0,0.0,1
AUDJPY,0,[sl 79.385],1.18,0.0,1
AUDJPY,0,[sl 79.395],0.65,0.0,1
AUDNZD,1,python script cl,10.52,0.0,1
AUDNZD,1,python script cl,9.65,0.0,1
AUDNZD,1,python script cl,7.14,0.0,1
AUDNZD,1,python script cl,1.63,0.0,1
AUDUSD,1,[sl 0.72334],0.0,0.0,1
AUDUSD,1,[sl 0.72386],-0.02,0.0,1
AUDUSD,1,python Split,1.62,0.0,1
AUDUSD,1,[sl 0.72402],-0.02,0.0,1
AUDUSD,1,python Split,1.54,0.0,1
AUDUSD,1,python Split,1.5,0.0,1
AUDUSD,1,python Split,1.42,0.0,1
AUDUSD,1,python Split,1.26,0.0,1
AUDUSD,1,python Split,1.11,0.0,1
AUDUSD,1,python Split,1.01,0.0,1
AUDUSD,1,python Split,0.97,0.0,1
AUDUSD,1,[sl 0.72711],0.0,0.0,1
AUDUSD,1,[sl 0.72710],-0.02,0.0,1
AUDUSD,1,[sl 0.72674],0.0,0.0,1
AUDUSD,1,[sl 0.72655],0.0,0.0,1
AUDUSD,1,[sl 0.72633],0.0,0.0,1
AUDUSD,1,[sl 0.72631],0.0,0.0,1
AUDUSD,1,[sl 0.72492],0.0,0.0,1
AUDUSD,1,[sl 0.72426],-0.03,0.0,1
AUDUSD,1,[sl 0.72414],0.0,0.0,1
AUDUSD,1,[sl 0.72404],-0.02,0.0,1
NZDCAD,0,HOLD,2.06,0.0,1
NZDCAD,0,HOLD,2.14,0.0,1
NZDUSD,1,[sl 0.70255],0.0,0.0,1
NZDJPY,0,python Split,3.12,0.0,1
NZDJPY,0,python Split,5.28,0.0,1
NZDJPY,0,python Split,5.12,0.0,1
NZDJPY,0,python Split,4.85,0.0,1
NZDJPY,0,python Split,3.84,0.0,1
NZDJPY,0,python Split,3.4,0.0,1
NZDJPY,0,python Split,3.38,0.0,1
NZDJPY,0,python Split,3.21,0.0,1
NZDJPY,0,python Split,3.18,0.0,1
NZDJPY,0,python Split,3.05,0.0,1
NZDJPY,0,python Split,0.69,0.0,1
NZDJPY,0,python Split,2.68,0.0,1
NZDJPY,0,python Split,1.9,0.0,1
NZDJPY,0,python Split,1.85,0.0,1
NZDJPY,0,python Split,1.81,0.0,1
NZDJPY,0,python Split,1.77,0.0,1
NZDJPY,0,python Split,1.1,0.0,1
NZDJPY,0,python Split,1.0,0.0,1
NZDJPY,0,python Split,0.99,0.0,1
NZDJPY,0,python Split,7.26,0.0,1
NZDJPY,0,python Split,9.59,0.0,1
AUDCAD,1,python script cl,0.0,0.0,1
NZDJPY,0,python Split,16.69,0.0,1
NZDJPY,0,python script cl,-4.73,0.0,1
NZDJPY,0,python script cl,-4.77,0.0,1
AUDCAD,1,python script cl,-0.17,0.0,1
NZDJPY,0,python script cl,-4.89,0.0,1
NZDJPY,0,python script cl,-4.92,0.0,1
NZDJPY,0,python script cl,-4.98,0.0,1
NZDJPY,0,python script cl,-5.02,0.0,1
NZDJPY,0,python script cl,-5.09,0.0,1
NZDJPY,0,python script cl,-5.11,0.0,1
NZDJPY,0,python script cl,-5.2,0.0,1
NZDJPY,0,python script cl,-5.21,0.0,1
NZDJPY,0,python script cl,-5.54,0.0,1
NZDJPY,0,python script cl,-5.57,0.0,1
NZDJPY,0,python script cl,-8.23,0.0,1
NZDJPY,0,python script cl,-8.57,0.0,1
NZDJPY,0,python script cl,-16.33,0.0,1
NZDJPY,0,python Split,16.88,0.0,1
NZDJPY,0,python Split,0.94,0.0,1
AUDCAD,1,python script cl,0.33,0.0,1
NZDCAD,0,HOLD,2.4,0.0,1
NZDJPY,0,[sl 77.274],0.28,0.0,1
NZDJPY,0,[sl 77.422],4.85,0.0,1
NZDJPY,0,[sl 77.422],4.84,0.0,1
NZDJPY,0,[sl 77.420],4.8,0.0,1
NZDJPY,0,[sl 77.417],4.78,0.0,1
NZDJPY,0,[sl 77.368],4.1,0.0,1
NZDJPY,0,[sl 77.327],0.81,0.0,1
NZDJPY,0,[sl 77.323],0.72,0.0,1
NZDJPY,0,[sl 77.274],0.29,0.0,1
NZDJPY,0,[sl 77.251],0.08,0.0,1
AUDCAD,1,python script cl,0.37,0.0,1
NZDJPY,0,[sl 77.250],0.08,0.0,1
NZDJPY,0,[sl 77.243],0.08,0.0,1
NZDJPY,0,[sl 77.242],0.1,0.0,1
NZDJPY,0,[sl 77.241],0.09,0.0,1
NZDJPY,0,[sl 77.239],0.08,0.0,1
NZDJPY,0,[sl 77.238],0.08,0.0,1
NZDJPY,0,[sl 77.233],0.08,0.0,1
AUDJPY,0,HOLD,0.47,0.0,1
NZDJPY,0,[sl 77.429],4.95,0.0,1
NZDJPY,0,[sl 77.437],5.06,0.0,1
NZDJPY,0,[sl 77.840],0.31,0.0,1
NZDJPY,0,[sl 77.982],0.38,0.0,1
AUDCAD,1,python script cl,0.42,0.0,1
AUDCAD,1,python script cl,0.56,0.0,1
NZDJPY,0,python Split,0.52,0.0,1
NZDJPY,0,python Split,0.46,0.0,1
NZDJPY,0,python Split,0.42,0.0,1
NZDJPY,0,python Split,0.4,0.0,1
NZDJPY,0,python Split,0.34,0.0,1
NZDJPY,0,python Split,0.33,0.0,1
NZDJPY,0,python Split,0.25,0.0,1
NZDJPY,0,python Split,0.18,0.0,1
AUDCAD,1,python script cl,0.59,0.0,1
AUDCAD,1,python script cl,1.4,0.0,1
AUDCAD,1,python script cl,1.48,0.0,1
AUDCAD,1,python script cl,1.67,0.0,1
NZDJPY,0,[sl 78.115],0.1,0.0,1
NZDJPY,0,[sl 78.056],0.4,0.0,1
NZDJPY,0,[sl 77.984],0.4,0.0,1
NZDJPY,0,python script cl,-2.84,0.0,1
NZDJPY,0,python script cl,-2.78,0.0,1
NZDJPY,0,python script cl,-2.72,0.0,1
NZDUSD,0,[sl 0.69202],-0.03,0.0,1
NZDUSD,0,python Split,1.04,0.0,1
NZDUSD,0,python Split,1.02,0.0,1
NZDUSD,0,python Split,0.98,0.0,1
NZDUSD,0,python Split,0.62,0.0,1
NZDUSD,0,python Split,0.6,0.0,1
NZDUSD,0,[sl 0.69260],0.0,0.0,1
NZDUSD,0,[sl 0.69250],0.0,0.0,1
NZDUSD,0,[sl 0.69217],0.0,0.0,1
NZDUSD,0,[sl 0.69142],-0.01,0.0,1
NZDJPY,0,python script cl,-2.69,0.0,1
NZDUSD,0,[sl 0.69138],0.0,0.0,1
NZDUSD,0,[sl 0.69128],0.0,0.0,1
NZDUSD,0,[sl 0.69125],0.0,0.0,1
NZDUSD,0,[sl 0.69105],0.0,0.0,1
NZDUSD,0,[sl 0.69084],0.0,0.0,1
NZDUSD,0,[sl 0.69076],-0.02,0.0,1
NZDUSD,0,[sl 0.69069],0.0,0.0,1
NZDUSD,0,[sl 0.69055],0.0,0.0,1
NZDUSD,0,python Split,1.1,0.0,1
NZDUSD,0,python Split,4.69,0.0,1
NZDUSD,0,python Split,4.88,0.0,1
NZDUSD,0,python Split,17.15,0.0,1
NZDUSD,1,[sl 0.70184],-0.02,0.0,1
NZDUSD,1,[sl 0.70164],0.0,0.0,1
NZDUSD,1,[sl 0.70014],0.0,0.0,1
AUDCAD,1,python script cl,-19.06,0.0,1
AUDCAD,1,python script cl,-12.06,0.0,1
NZDUSD,1,MA_Strat,0.0,0.0,1
NZDUSD,0,python script cl,2.16,0.0,1
NZDUSD,0,python script cl,-4.66,0.0,1
NZDUSD,0,python script cl,-4.75,0.0,1
NZDUSD,0,python script cl,-4.8,0.0,1
NZDUSD,0,python script cl,-4.83,0.0,1
NZDUSD,0,python script cl,-4.85,0.0,1
NZDUSD,0,python script cl,-4.86,0.0,1
NZDUSD,0,python script cl,-43.25,0.0,1
NZDUSD,0,python script cl,-44.9,0.0,1
NZDUSD,0,python Split,19.63,0.0,1
NZDUSD,0,python Split,19.09,0.0,1
NZDUSD,0,[sl 0.68867],-0.02,0.0,1
NZDUSD,0,[sl 0.68859],-0.02,0.0,1
AUDCAD,1,python script cl,-1.11,0.0,1
NZDJPY,0,python script cl,-0.55,0.0,1
NZDJPY,0,python script cl,-0.97,0.0,1
NZDJPY,0,python script cl,-1.16,0.0,1
NZDJPY,0,python script cl,-1.22,0.0,1
NZDJPY,0,python script cl,-1.24,0.0,1
NZDJPY,0,python script cl,-1.33,0.0,1
NZDJPY,0,python script cl,-1.47,0.0,1
NZDJPY,0,python script cl,-1.67,0.0,1
NZDJPY,0,python script cl,-1.7,0.0,1
NZDJPY,0,python script cl,-1.73,0.0,1
NZDJPY,0,python script cl,-1.85,0.0,1
NZDJPY,0,python script cl,-1.94,0.0,1
NZDJPY,0,python script cl,-2.01,0.0,1
NZDJPY,0,python script cl,-2.35,0.0,1
NZDJPY,0,python script cl,-2.36,0.0,1
AUDJPY,0,[sl 79.428],0.12,0.0,1
NZDJPY,0,python script cl,-2.51,0.0,1
NZDJPY,0,python script cl,-2.66,0.0,1
NZDJPY,0,python script cl,-0.89,0.0,1
NZDJPY,0,python script cl,-0.21,0.0,1
AUDCAD,1,python script cl,-1.08,0.0,1
NZDJPY,0,python script cl,0.12,0.0,1
NZDUSD,0,HOLD,9.86,0.0,1
NZDUSD,0,HOLD,2.82,0.0,1
NZDUSD,0,HOLD,2.52,0.0,1
AUDCAD,1,python script cl,-0.83,0.0,1
AUDCAD,1,python script cl,-0.71,0.0,1
AUDCAD,1,python script cl,-0.57,0.0,1
NZDJPY,0,python script cl,12.0,0.0,1
NZDJPY,0,python script cl,11.5,0.0,1
NZDJPY,0,python script cl,4.95,0.0,1
NZDJPY,0,python script cl,3.09,0.0,1
NZDJPY,0,python script cl,2.19,0.0,1
NZDJPY,0,python script cl,0.92,0.0,1
NZDJPY,0,python script cl,0.8,0.0,1
NZDJPY,0,python script cl,0.49,0.0,1
NZDJPY,0,python script cl,0.4,0.0,1
NZDJPY,0,python script cl,0.37,0.0,1
NZDJPY,0,python script cl,0.32,0.0,1
NZDJPY,0,[sl 77.223],0.07,0.0,1
AUDJPY,0,HOLD,0.48,0.0,1
NZDJPY,0,[sl 77.195],0.42,0.0,1
NZDCAD,0,python Split,1.9,0.0,1
NZDCAD,0,python script cl,-4.97,0.0,1
NZDCAD,0,python script cl,-5.5,0.0,1
NZDCAD,0,python script cl,-5.82,0.0,1
NZDCAD,0,python Split,9.61,0.0,1
NZDCAD,0,python Split,9.38,0.0,1
NZDCAD,0,python Split,4.31,0.0,1
NZDCAD,0,python Split,4.2,0.0,1
NZDCAD,0,python Split,4.15,0.0,1
NZDCAD,0,python Split,1.85,0.0,1
NZDCAD,0,python script cl,0.72,0.0,1
AUDJPY,0,HOLD,0.93,0.0,1
NZDCAD,0,python Split,1.76,0.0,1
NZDCAD,0,python Split,1.04,0.0,1
NZDCAD,0,python Split,1.03,0.0,1
NZDCAD,0,python Split,0.98,0.0,1
NZDCAD,0,python Split,0.88,0.0,1
NZDCAD,0,python Split,0.84,0.0,1
NZDCAD,0,python Split,0.81,0.0,1
NZDCAD,0,python script cl,-4.92,0.0,1
NZDCAD,0,python script cl,-4.85,0.0,1
NZDCAD,0,python script cl,-3.53,0.0,1
NZDCAD,0,python script cl,-3.35,0.0,1
NZDCAD,0,python script cl,0.54,0.0,1
NZDCAD,0,python script cl,0.45,0.0,1
NZDCAD,0,python script cl,0.43,0.0,1
NZDCAD,0,python script cl,0.37,0.0,1
NZDCAD,0,python script cl,0.27,0.0,1
NZDCAD,0,python script cl,0.11,0.0,1
NZDCAD,0,python script cl,0.08,0.0,1
NZDCAD,0,python script cl,-0.78,0.0,1
NZDCAD,0,python script cl,-1.21,0.0,1
NZDCAD,0,python script cl,-1.23,0.0,1
NZDCAD,0,python script cl,-1.61,0.0,1
NZDCAD,0,python script cl,-2.57,0.0,1
NZDCAD,0,python script cl,-2.68,0.0,1
NZDCAD,0,python script cl,-2.81,0.0,1
NZDCAD,0,python script cl,-2.83,0.0,1
NZDCAD,0,python script cl,-2.86,0.0,1
NZDCAD,0,python script cl,-3.32,0.0,1
AUDJPY,0,Python AADI M15,0.0,0.0,1
NZDCAD,0,python Split,0.29,0.0,1
NZDCAD,0,[sl 0.89932],0.0,0.0,1
NZDCAD,0,[sl 0.87536],-0.05,0.0,1
NZDCAD,0,[sl 0.87533],0.0,0.0,1
NZDCAD,0,[sl 0.87525],-0.13,0.0,1
NZDCAD,0,[sl 0.87513],-0.21,0.0,1
NZDCAD,0,[sl 0.87511],-0.22,0.0,1
NZDCAD,0,[sl 0.87508],-0.25,0.0,1
NZDCAD,0,[sl 0.87502],-0.29,0.0,1
NZDCAD,0,[sl 0.87493],0.0,0.0,1
NZDCAD,0,HOLD,8.61,0.0,1
NZDCAD,0,HOLD,8.4,0.0,1
NZDCAD,0,HOLD,8.29,0.0,1
NZDCAD,0,HOLD,7.43,0.0,1
NZDCAD,0,HOLD,2.74,0.0,1
NZDCAD,0,HOLD,2.7,0.0,1
NZDCAD,0,HOLD,2.69,0.0,1
NZDCAD,0,HOLD,2.48,0.0,1
NZDCAD,0,HOLD,2.46,0.0,1
NZDCAD,0,HOLD,2.41,0.0,1
NZDCAD,0,[sl 0.87535],-0.06,0.0,1
NZDCAD,0,[sl 0.87743],0.0,0.0,1
NZDCAD,0,[sl 0.89930],0.0,0.0,1
NZDCAD,0,[sl 0.87750],0.0,0.0,1
NZDCAD,0,[sl 0.89928],-0.01,0.0,1
NZDCAD,0,[sl 0.89918],-0.03,0.0,1
NZDCAD,0,[sl 0.89909],0.0,0.0,1
NZDCAD,0,[sl 0.89901],-0.01,0.0,1
NZDCAD,0,[sl 0.89897],0.0,0.0,1
NZDCAD,0,[sl 0.89890],0.0,0.0,1
NZDCAD,0,[sl 0.89889],0.0,0.0,1
NZDCAD,0,[sl 0.89863],-0.03,0.0,1
NZDCAD,0,[sl 0.89843],-0.01,0.0,1
NZDCAD,0,[sl 0.89843],-0.07,0.0,1
NZDCAD,0,[sl 0.89839],0.0,0.0,1
NZDCAD,0,[sl 0.89836],0.0,0.0,1
NZDCAD,0,[sl 0.89825],-0.01,0.0,1
NZDCAD,0,[sl 0.89758],-0.01,0.0,1
NZDCAD,0,[sl 0.89757],0.0,0.0,1
NZDCAD,0,[sl 0.87774],0.0,0.0,1
NZDCAD,0,[sl 0.87754],0.0,0.0,1
NZDCAD,0,python script cl,0.67,0.0,1
NZDCAD,0,python script cl,0.77,0.0,1
NZDJPY,0,[sl 77.192],0.39,0.0,1
NZDJPY,0,[sl 77.047],0.31,0.0,1
NZDJPY,0,[sl 77.074],0.4,0.0,1
NZDJPY,0,[sl 77.069],0.16,0.0,1
NZDJPY,0,[sl 77.059],0.32,0.0,1
NZDJPY,0,[sl 77.059],0.31,0.0,1
NZDJPY,0,[sl 77.051],0.31,0.0,1
NZDJPY,0,[sl 77.051],0.29,0.0,1
NZDJPY,0,[sl 77.051],0.15,0.0,1
NZDJPY,0,[sl 77.049],0.32,0.0,1
NZDJPY,0,[sl 77.044],0.29,0.0,1
NZDCAD,0,python script cl,0.92,0.0,1
NZDJPY,0,[sl 77.041],0.18,0.0,1
NZDJPY,0,[sl 77.040],0.31,0.0,1
NZDJPY,0,[sl 77.023],0.64,0.0,1
NZDJPY,0,[sl 77.014],0.65,0.0,1
NZDJPY,0,[sl 76.975],0.59,0.0,1
NZDJPY,0,[sl 76.964],0.65,0.0,1
NZDJPY,0,[sl 76.932],0.52,0.0,1
AUDJPY,0,HOLD,0.49,0.0,1
NZDJPY,0,[sl 77.078],0.43,0.0,1
NZDJPY,0,[sl 77.115],0.36,0.0,1
NZDJPY,0,[sl 77.136],0.67,0.0,1
NZDJPY,0,[sl 77.143],0.4,0.0,1
NZDJPY,0,[sl 77.190],0.37,0.0,1
NZDJPY,0,[sl 77.190],0.12,0.0,1
NZDJPY,0,[sl 77.184],0.43,0.0,1
NZDJPY,0,[sl 77.183],0.4,0.0,1
NZDJPY,0,[sl 77.181],0.05,0.0,1
NZDJPY,0,[sl 77.179],0.4,0.0,1
NZDJPY,0,[sl 77.176],0.13,0.0,1
NZDJPY,0,[sl 77.173],0.08,0.0,1
NZDJPY,0,[sl 77.169],0.39,0.0,1
NZDJPY,0,[sl 77.165],0.31,0.0,1
NZDJPY,0,[sl 77.163],0.4,0.0,1
NZDJPY,0,[sl 77.150],0.42,0.0,1
NZDJPY,0,[sl 77.146],0.32,0.0,1
NZDJPY,0,[sl 77.145],0.4,0.0,1
NZDJPY,0,[sl 77.145],0.29,0.0,1
NZDJPY,0,[sl 77.144],0.31,0.0,1
NZDJPY,0,[sl 77.144],0.28,0.0,1
NZDJPY,0,HOLD,10.3,0.0,1
NZDJPY,0,HOLD,9.96,0.0,1
NZDJPY,0,HOLD,7.689999999999999,0.0,1
NZDJPY,0,HOLD,1.33,0.0,1
NZDJPY,0,HOLD,0.91,0.0,1
NZDJPY,0,HOLD,0.88,0.0,1
NZDCAD,1,Renf Split,0.0,0.0,1
AUDJPY,0,HOLD,0.5,0.0,1
AUDJPY,0,HOLD,0.89,0.0,1
NZDCAD,0,python script cl,4.37,0.0,1
NZDCAD,0,python script cl,4.34,0.0,1
NZDCAD,0,python script cl,4.33,0.0,1
NZDCAD,0,python script cl,4.32,0.0,1
NZDCAD,0,python script cl,4.31,0.0,1
NZDCAD,0,python script cl,1.92,0.0,1
NZDCAD,0,python script cl,1.87,0.0,1
NZDCAD,0,python script cl,1.85,0.0,1
NZDCAD,0,python script cl,1.66,0.0,1
NZDCAD,0,python script cl,1.64,0.0,1
NZDCAD,0,python script cl,1.63,0.0,1
NZDCAD,0,python script cl,1.21,0.0,1
NZDJPY,0,HOLD,0.92,0.0,1
NZDJPY,0,HOLD,1.41,0.0,1
NZDJPY,0,HOLD,6.77,0.0,1
NZDJPY,0,HOLD,1.44,0.0,1
NZDJPY,0,HOLD,5.91,0.0,1
NZDJPY,0,HOLD,5.87,0.0,1
NZDJPY,0,HOLD,5.47,0.0,1
NZDJPY,0,HOLD,5.39,0.0,1
NZDJPY,0,HOLD,3.8,0.0,1
NZDJPY,0,HOLD,2.72,0.0,1
NZDJPY,0,HOLD,2.71,0.0,1
NZDJPY,0,HOLD,2.69,0.0,1
NZDJPY,0,HOLD,2.68,0.0,1
NZDJPY,0,HOLD,2.51,0.0,1
NZDJPY,0,HOLD,2.42,0.0,1
NZDJPY,0,HOLD,1.76,0.0,1
NZDJPY,0,HOLD,1.62,0.0,1
NZDJPY,0,HOLD,1.6,0.0,1
NZDJPY,0,HOLD,1.54,0.0,1
NZDJPY,0,HOLD,1.51,0.0,1
NZDJPY,0,HOLD,1.5,0.0,1
NZDJPY,0,python Split,11.14,0.0,1
